Title Number,Title Name
Title 1,Difference between NestJS and ExpressJS
Title 2,Print Left View of Binary Tree
Title 3,5 HTML tags you didn't know
Title 4,"Given a binary tree, check whether it is a mirror of itself"
Title 5,Types of Network Medium: Wired & Wireless Networking
Title 6,Determine if Two Trees are Identical or Not
Title 7,#2 Tips & Tricks for Competitive Programming
Title 8,Check if given Binary Tree is Height Balanced or Not
Title 9,Old Tax Regime vs New Tax Regime. Which One You Should Choose?
Title 10,Number of leaf nodes
Title 11,How to Create Your Own ChatGPT Plugin?
Title 12,Quantity Theory of Money: Transactions Approach (Fisher’s Version)
Title 13,Google Cloud Announces 9 AI-Focused Courses (FREE)
Title 14,Canons of Taxation
Title 15,University School of Automation and Robotics Campus Experience
Title 16,"Arithmetic Mean: Meaning, Example, Types, Merits, and Demerits"
Title 17,TCS Ninja Interview Experience
Title 18,Capgemini Interview Experience for Analyst (On-Campus)
Title 19,Indian Institute of Information Technology (IIT Nagpur) Admission Experience 2021
Title 20,Radhakrishna Institute of Technology and Engineering Campus Experience
Title 21,Juspay Product Interview Experience for Solution Engineer (PSE)
Title 22,Indian Institute of Science (IISC) Bangalore Campus Experience
Title 23,Barclays Interview Experience for Software Engineer
Title 24,Buyhatke Interview Experience for SDE (On-Campus) 2023
Title 25,DXC Technology Interview Experience for Associate Software Developer
